[
   {
        "name":"Alversion",
        "picture":"https://grasshopper.app/assets/static/images/home-stories/user1.jpg",
        "paragraph": "I like Grasshopper because it allows anyone with or without experience in coding to jump right in and have fun along the way."
    },{
        "name":"Alversion",
        "picture":"https://grasshopper.app/assets/static/images/home-stories/user1.jpg",
        "paragraph": "I like Grasshopper because it allows anyone with or without experience in coding to jump right in and have fun along the way."
    },{
        "name":"Alversion",
        "picture":"https://grasshopper.app/assets/static/images/home-stories/user1.jpg",
        "paragraph": "I like Grasshopper because it allows anyone with or without experience in coding to jump right in and have fun along the way."
    },{
        "name":"Alversion",
        "picture":"https://grasshopper.app/assets/static/images/home-stories/user1.jpg",
        "paragraph": "I like Grasshopper because it allows anyone with or without experience in coding to jump right in and have fun along the way."
    },{
        "name":"Alversion",
        "picture":"https://grasshopper.app/assets/static/images/home-stories/user1.jpg",
        "paragraph": "I like Grasshopper because it allows anyone with or without experience in coding to jump right in and have fun along the way."
    },{
        "name":"Alversion",
        "picture":"https://grasshopper.app/assets/static/images/home-stories/user1.jpg",
        "paragraph": "I like Grasshopper because it allows anyone with or without experience in coding to jump right in and have fun along the way."
    },{
        "name":"Alversion",
        "picture":"https://grasshopper.app/assets/static/images/home-stories/user1.jpg",
        "paragraph": "I like Grasshopper because it allows anyone with or without experience in coding to jump right in and have fun along the way."
    }
]