[
    {
        "icon":"https://grasshopper.app/assets/static/images/common/icon1_visual_puzzles.png",
        "paragraph": "Visual puzzles develop your problem-solving skills and solidify coding concepts.",
        "picture":"https://grasshopper.app/assets/static/images/common/feature-carousel/slide__device-screen-3.png"
    },     {
        "icon":"https://grasshopper.app/assets/static/images/common/icon5_laptop_tablet.png",
        "paragraph": "Put your learning into practice with full projects on your laptop or tablet.",
        "picture":"https://grasshopper.app/assets/static/images/common/feature-carousel/slide__device-screen-laptop.png"
    },{
        "icon":"https://grasshopper.app/assets/static/images/common/icon2_industry_standard.png",
        "paragraph": "Use industry-standard JavaScript with just a few taps on your phone.",
        "picture":"https://grasshopper.app/assets/static/images/common/feature-carousel/slide__device-screen-2.png"
    },{
        "icon":"https://grasshopper.app/assets/static/images/common/icon5_laptop_tablet.png",
        "paragraph": "Real-time feedback guides you like a teacher.",
        "picture":"https://grasshopper.app/assets/static/images/common/feature-carousel/slide__device-screen-3.png"
    },{
        "icon":"https://grasshopper.app/assets/static/images/common/icon4_achievements.png",
         "paragraph": "Collect achievements as you learn new skills.",
         "picture":"https://grasshopper.app/assets/static/images/common/feature-carousel/slide__device-screen-4.png"
     }
 ]